Workbook

Sheet Retorno
A1: data | B1: IDA-DI Nominal | C1: IPCA | D1: IDA-DI Real | E1: CDI Nominal | F1: CDI Real
A2: 40179 | B2: 13.159263 | C2: 4.592086 | D2: =((B2/100+1)/(C2/100+1)-1)*100 -> 8.1910377 | E2: 9.4741957 | F2: =((E2/100+1)/(C2/100+1)-1)*100 -> 4.6677621
A3: 40210 | B3: 12.795908 | C3: 4.8310997 | D3: =((B3/100+1)/(C3/100+1)-1)*100 -> 7.5977531 | E3: 9.1917436 | F3: =((E3/100+1)/(C3/100+1)-1)*100 -> 4.1596853
A4: 40238 | B4: 12.382936 | C4: 5.1660025 | D4: =((B4/100+1)/(C4/100+1)-1)*100 -> 6.8624208 | E4: 8.9592216 | F4: =((E4/100+1)/(C4/100+1)-1)*100 -> 3.6068872
A5: 40269 | B5: 12.06066 | C5: 5.2602604 | D5: =((B5/100+1)/(C5/100+1)-1)*100 -> 6.4605579 | E5: 8.7669526 | F5: =((E5/100+1)/(C5/100+1)-1)*100 -> 3.3314493
A6: 40299 | B6: 11.908158 | C6: 5.2184031 | D6: =((B6/100+1)/(C6/100+1)-1)*100 -> 6.3579704 | E6: 8.7488606 | F6: =((E6/100+1)/(C6/100+1)-1)*100 -> 3.3553612
A7: 40330 | B7: 11.810075 | C7: 4.8410906 | D7: =((B7/100+1)/(C7/100+1)-1)*100 -> 6.647188 | E7: 8.7842922 | F7: =((E7/100+1)/(C7/100+1)-1)*100 -> 3.7611222
A8: 40360 | B8: 11.247913 | C8: 4.6005339 | D8: =((B8/100+1)/(C8/100+1)-1)*100 -> 6.3550146 | E8: 8.8620018 | F8: =((E8/100+1)/(C8/100+1)-1)*100 -> 4.0740403
A9: 40391 | B9: 11.395422 | C9: 4.4855439 | D9: =((B9/100+1)/(C9/100+1)-1)*100 -> 6.613238 | E9: 9.0726922 | F9: =((E9/100+1)/(C9/100+1)-1)*100 -> 4.3902229
A10: 40422 | B10: 11.468718 | C10: 4.7042196 | D10: =((B10/100+1)/(C10/100+1)-1)*100 -> 6.4605786 | E10: 9.2384579 | F10: =((E10/100+1)/(C10/100+1)-1)*100 -> 4.3305211
A11: 40452 | B11: 11.367233 | C11: 5.1950611 | D11: =((B11/100+1)/(C11/100+1)-1)*100 -> 5.8673591 | E11: 9.3625974 | F11: =((E11/100+1)/(C11/100+1)-1)*100 -> 3.9617224
A12: 40483 | B12: 11.410028 | C12: 5.6348475 | D12: =((B12/100+1)/(C12/100+1)-1)*100 -> 5.4671167 | E12: 9.5218867 | F12: =((E12/100+1)/(C12/100+1)-1)*100 -> 3.679694
A13: 40513 | B13: 11.410769 | C13: 5.9086887 | D13: =((B13/100+1)/(C13/100+1)-1)*100 -> 5.1951168 | E13: 9.7426328 | F13: =((E13/100+1)/(C13/100+1)-1)*100 -> 3.6200468
... A148: 44621 | B148: 9.0916586 | C148: 11.299316 | D148: =((B148/100+1)/(C148/100+1)-1)*100 -> -1.9835318 | E148: 6.4123086 | F148: =((E148/100+1)/(C148/100+1)-1)*100 -> -4.3908692
A149: 44652 | B149: {=(PRODUCT(Imputs!B6:B17/100+1)-1)*100} -> 9.644525 | C149: 12.020787 | D149: =((B149/100+1)/(C149/100+1)-1)*100 -> -2.1212685 | E149: {=(PRODUCT(Imputs!E6:E17/100+1)-1)*100} -> 7.1793179 | F149: =((E149/100+1)/(C149/100+1)-1)*100 -> -4.3219379
A150: 44682 | B150: {=(PRODUCT(Imputs!B7:B18/100+1)-1)*100} -> 10.408806 | C150: 11.78361 | D150: =((B150/100+1)/(C150/100+1)-1)*100 -> -1.2298796 | E150: {=(PRODUCT(Imputs!E7:E18/100+1)-1)*100} -> 7.9677805 | F150: =((E150/100+1)/(C150/100+1)-1)*100 -> -3.4135857
A151: 44713 | B151: {=(PRODUCT(Imputs!B8:B19/100+1)-1)*100} -> 11.103832 | C151: 11.771014 | D151: =((B151/100+1)/(C151/100+1)-1)*100 -> -0.59691873 | E151: {=(PRODUCT(Imputs!E8:E19/100+1)-1)*100} -> 8.7615066 | F151: =((E151/100+1)/(C151/100+1)-1)*100 -> -2.6925656
A152: 44743 | B152: {=(PRODUCT(Imputs!B9:B20/100+1)-1)*100} -> 11.679694 | C152: 11.332448 | D152: =((B152/100+1)/(C152/100+1)-1)*100 -> 0.31190011 | E152: {=(PRODUCT(Imputs!E9:E20/100+1)-1)*100} -> 9.5056977 | F152: =((E152/100+1)/(C152/100+1)-1)*100 -> -1.640807
A153: 44774 | B153: {=(PRODUCT(Imputs!B10:B21/100+1)-1)*100} -> 12.220649 | C153: 10.840323 | D153: =((B153/100+1)/(C153/100+1)-1)*100 -> 1.2453289 | E153: {=(PRODUCT(Imputs!E10:E21/100+1)-1)*100} -> 10.220207 | F153: =((E153/100+1)/(C153/100+1)-1)*100 -> -0.55946761
A154: 44805 | B154: {=(PRODUCT(Imputs!B11:B22/100+1)-1)*100} -> 12.763631 | C154: 10.280753 | D154: =((B154/100+1)/(C154/100+1)-1)*100 -> 2.2514149 | E154: {=(PRODUCT(Imputs!E11:E22/100+1)-1)*100} -> 10.923825 | F154: =((E154/100+1)/(C154/100+1)-1)*100 -> 0.58312234
A155: 44835 | B155: {=(PRODUCT(Imputs!B12:B23/100+1)-1)*100} -> 13.360619 | C155: 9.7064343 | D155: =((B155/100+1)/(C155/100+1)-1)*100 -> 3.330875 | E155: {=(PRODUCT(Imputs!E12:E23/100+1)-1)*100} -> 11.58508 | F155: =((E155/100+1)/(C155/100+1)-1)*100 -> 1.7124299
A156: 44866 | B156: {=(PRODUCT(Imputs!B13:B24/100+1)-1)*100} -> 14.002077 | C156: 9.297474 | D156: =((B156/100+1)/(C156/100+1)-1)*100 -> 4.3044025 | E156: {=(PRODUCT(Imputs!E13:E24/100+1)-1)*100} -> 12.131582 | F156: =((E156/100+1)/(C156/100+1)-1)*100 -> 2.5930226
A157: 44896 | B157: {=(PRODUCT(Imputs!B14:B25/100+1)-1)*100} -> 14.440166 | C157: 9.2976282 | D157: =((B157/100+1)/(C157/100+1)-1)*100 -> 4.7050775 | E157: {=(PRODUCT(Imputs!E14:E25/100+1)-1)*100} -> 12.48305 | F157: =((E157/100+1)/(C157/100+1)-1)*100 -> 2.9144471

Sheet Imputs
A1: data | B1: IDA DI Mensal | C1: Spread AA 5Y | D1: Selic | E1: CDI Mensal
A2: 44197 | B2: 0.37346286 | C2: - | D2: - | E2: 0.14949063
A3: 44228 | B3: 0.50942686 | C3: - | D3: - | E3: 0.13453151
A4: 44256 | B4: 0.63076457 | C4: - | D4: - | E4: 0.19817197
A5: 44287 | B5: 0.55702414 | C5: - | D5: - | E5: 0.20779462
A6: 44317 | B6: 0.44156551 | C6: - | D6: - | E6: 0.26742481
A7: 44348 | B7: 0.54605795 | C7: - | D7: - | E7: 0.30489846
A8: 44378 | B8: 0.65728158 | C8: - | D8: - | E8: 0.35561637
A9: 44409 | B9: 0.72824029 | C9: - | D9: - | E9: 0.42413773
A10: 44440 | B10: 0.72877062 | C10: - | D10: - | E10: 0.43821868
A11: 44470 | B11: 0.6831168 | C11: - | D11: - | E11: 0.48039309
A12: 44501 | B12: 0.64663275 | C12: - | D12: - | E12: 0.58675468
A13: 44531 | B13: 0.82868236 | C13: - | D13: - | E13: 0.76355574
... A16: 44621 | B16: 1.1204543 | C16: - | D16: - | E16: 0.92344823
A17: 44652 | B17: =(((D17/100+1)^(1/12)*(C17/100+1)^(1/12))-1)*100 -> 1.0666377 | C17: 1.6357 | D17: 11.75 | E17: =((D17/100+1)^(1/12)-1)*100 -> 0.93008236
A18: 44682 | B18: =(((D18/100+1)^(1/12)*(C18/100+1)^(1/12))-1)*100 -> 1.141697 | C18: 1.6357 | D18: 12.75 | E18: =((D18/100+1)^(1/12)-1)*100 -> 1.0050402
A19: 44713 | B19: =(((D19/100+1)^(1/12)*(C19/100+1)^(1/12))-1)*100 -> 1.1789981 | C19: 1.6357 | D19: =D18+0.5 -> 13.25 | E19: =((D19/100+1)^(1/12)-1)*100 -> 1.0422909
A20: 44743 | B20: =(((D20/100+1)^(1/12)*(C20/100+1)^(1/12))-1)*100 -> 1.1789981 | C20: 1.6357 | D20: =D19 -> 13.25 | E20: =((D20/100+1)^(1/12)-1)*100 -> 1.0422909
A21: 44774 | B21: =(((D21/100+1)^(1/12)*(C21/100+1)^(1/12))-1)*100 -> 1.2161485 | C21: 1.6357 | D21: =D20+0.5 -> 13.75 | E21: =((D21/100+1)^(1/12)-1)*100 -> 1.0793911
A22: 44805 | B22: =(((D22/100+1)^(1/12)*(C22/100+1)^(1/12))-1)*100 -> 1.2161485 | C22: 1.6357 | D22: =D21 -> 13.75 | E22: =((D22/100+1)^(1/12)-1)*100 -> 1.0793911
A23: 44835 | B23: =(((D23/100+1)^(1/12)*(C23/100+1)^(1/12))-1)*100 -> 1.2161485 | C23: 1.6357 | D23: =D22 -> 13.75 | E23: =((D23/100+1)^(1/12)-1)*100 -> 1.0793911
A24: 44866 | B24: =(((D24/100+1)^(1/12)*(C24/100+1)^(1/12))-1)*100 -> 1.2161485 | C24: 1.6357 | D24: =D23 -> 13.75 | E24: =((D24/100+1)^(1/12)-1)*100 -> 1.0793911
A25: 44896 | B25: =(((D25/100+1)^(1/12)*(C25/100+1)^(1/12))-1)*100 -> 1.2161485 | C25: 1.6357 | D25: =D24 -> 13.75 | E25: =((D25/100+1)^(1/12)-1)*100 -> 1.0793911
