Workbook

Sheet Juro Nominal
A1: data | B1: 1 Dia | C1: 1 Ano | D1: 2 Anos | E1: 3 Anos | F1: 4 Anos | G1: 5 Anos | H1: 6 Anos | I1: 7 Anos | J1: 8 Anos | K1: 9 Anos | L1: 10 Anos | M1: 11 Anos | N1: 12 Anos | O1: 13 Anos | P1: 14 Anos | Q1: 15 Anos
A2: 38411 | B2: 18.75 | C2: 18.61 | D2: 17.41 | E2: 16.7 | F2: 16.22 | G2: 15.89 | H2: 15.68 | I2: 15.54 | J2: 15.43 | K2: 15.43 | L2: 15.43 | M2: 15.43 | N2: 15.43 | O2: 15.43 | P2: 15.43 | Q2: 15.43
A3: 38442 | B3: 19.25 | C3: 19.19 | D3: 18.3 | E3: 17.78 | F3: 17.43 | G3: 16.97 | H3: 16.71 | I3: 16.52 | J3: 16.38 | K3: 16.38 | L3: 16.38 | M3: 16.38 | N3: 16.38 | O3: 16.38 | P3: 16.38 | Q3: 16.38
A4: 38472 | B4: 19.5 | C4: 19.16 | D4: 18.09 | E4: 17.44 | F4: 16.96 | G4: 16.6 | H4: 16.37 | I4: 16.21 | J4: 16.1 | K4: 16.1 | L4: 16.1 | M4: 16.1 | N4: 16.1 | O4: 16.1 | P4: 16.1 | Q4: 16.1
A5: 38503 | B5: 19.75 | C5: 18.65 | D5: 17.61 | E5: 17.01 | F5: 16.6 | G5: 16.25 | H5: 16.04 | I5: 15.89 | J5: 15.78 | K5: 15.78 | L5: 15.78 | M5: 15.78 | N5: 15.78 | O5: 15.78 | P5: 15.78 | Q5: 15.78
A6: 38533 | B6: 19.75 | C6: 18.12 | D6: 17.16 | E6: 16.42 | F6: 16.02 | G6: 15.61 | H6: 15.53 | I6: 15.52 | J6: 15.51 | K6: 15.51 | L6: 15.51 | M6: 15.51 | N6: 15.51 | O6: 15.51 | P6: 15.51 | Q6: 15.51
A7: 38564 | B7: 19.75 | C7: 18.33 | D7: 17.56 | E7: 16.86 | F7: 16.5 | G7: 16.23 | H7: 16.04 | I7: 15.91 | J7: 15.82 | K7: 15.82 | L7: 15.82 | M7: 15.82 | N7: 15.82 | O7: 15.82 | P7: 15.82 | Q7: 15.82
A8: 38595 | B8: 19.75 | C8: 18.32 | D8: 17.73 | E8: 17.11 | F8: 16.8 | G8: 16.58 | H8: 16.41 | I8: 16.28 | J8: 16.19 | K8: 16.19 | L8: 16.19 | M8: 16.19 | N8: 16.19 | O8: 16.19 | P8: 16.19 | Q8: 16.19
A9: 38625 | B9: 19.5 | C9: 17.9 | D9: 16.98 | E9: 16.3 | F9: 15.73 | G9: 15.28 | H9: 15.08 | I9: 14.95 | J9: 14.85 | K9: 14.77 | L9: 14.7 | M9: 14.7 | N9: 14.6 | O9: 14.6 | P9: 14.6 | Q9: 14.6
A10: 38656 | B10: 19 | C10: 17.6 | D10: 17.25 | E10: 16.84 | F10: 16.42 | G10: 16.18 | H10: 16.05 | I10: 15.98 | J10: 15.92 | K10: 15.87 | L10: 15.84 | M10: 15.84 | N10: 15.78 | O10: 15.78 | P10: 15.78 | Q10: 15.78
A11: 38686 | B11: 18.5 | C11: 16.75 | D11: 16.47 | E11: 16.28 | F11: 15.95 | G11: 15.79 | H11: 15.54 | I11: 15.33 | J11: 15.16 | K11: 15.04 | L11: 14.94 | M11: 14.94 | N11: 14.78 | O11: 14.78 | P11: 14.78 | Q11: 14.78
A12: 38717 | B12: 18 | C12: 16.39 | D12: 15.72 | E12: 15.4 | F12: 15.12 | G12: 14.9 | H12: 14.74 | I12: 14.64 | J12: 14.55 | K12: 14.48 | L12: 14.43 | M12: 14.43 | N12: 14.34 | O12: 14.34 | P12: 14.34 | Q12: 14.34
A13: 38748 | B13: 17.25 | C13: 15.83 | D13: 15.28 | E13: 14.93 | F13: 14.63 | G13: 14.41 | H13: 14.3 | I13: 14.22 | J13: 14.16 | K13: 14.12 | L13: 14.08 | M13: 14.08 | N13: 14.03 | O13: 14.03 | P13: 14.03 | Q13: 14.03
... A204: 44561 | B204: 9.25 | C204: 11.7904 | D204: 11.165979 | E204: 10.712399 | F204: 10.592129 | G204: 10.615322 | H204: 10.686394 | I204: 10.762948 | J204: 10.832712 | K204: 10.893069 | L204: 10.937773 | M204: 10.98594 | N204: 11.01711 | O204: 11.051483 | P204: 11.077436 | Q204: 11.100316
A205: 44592 | B205: 9.25

Sheet Juro Real
A1: data | B1: 1 Dia | C1: 1 Ano | D1: 2 Anos | E1: 3 Anos | F1: 4 Anos | G1: 5 Anos | H1: 6 Anos | I1: 7 Anos | J1: 8 Anos | K1: 9 Anos | L1: 10 Anos | M1: 11 Anos | N1: 12 Anos | O1: 13 Anos | P1: 14 Anos | Q1: 15 Anos
A2: 38411 | B2: =(('Juro Nominal'!B2/100+1)/('Inflação Implícita'!B2/100+1)-1)*100 -> 10.578266 | C2: 11.73 | D2: 11.38 | E2: 9.89 | F2: 9.37 | G2: 9.24 | H2: 9.52 | I2: 9.48 | J2: 9.45 | K2: 9.45 | L2: 9.45 | M2: 9.45 | N2: 9.45 | O2: 9.45 | P2: 9.45 | Q2: 9.45
A3: 38442 | B3: =(('Juro Nominal'!B3/100+1)/('Inflação Implícita'!B3/100+1)-1)*100 -> 10.888972 | C3: 11.39 | D3: 10.69 | E3: 9.75 | F3: 9.18 | G3: 8.97 | H3: 9 | I3: 9 | J3: 9 | K3: 9 | L3: 9 | M3: 9 | N3: 9 | O3: 9 | P3: 9 | Q3: 9
A4: 38472 | B4: =(('Juro Nominal'!B4/100+1)/('Inflação Implícita'!B4/100+1)-1)*100 -> 10.576478 | C4: 11.57 | D4: 10.8 | E4: 9.83 | F4: 9.25 | G4: 9.1 | H4: 9 | I4: 9 | J4: 9 | K4: 9 | L4: 9 | M4: 9 | N4: 9 | O4: 9 | P4: 9 | Q4: 9
A5: 38503 | B5: =(('Juro Nominal'!B5/100+1)/('Inflação Implícita'!B5/100+1)-1)*100 -> 10.82832 | C5: 12.44 | D5: 11.34 | E5: 10.2 | F5: 9.46 | G5: 9.41 | H5: 8.75 | I5: 8.75 | J5: 8.75 | K5: 8.75 | L5: 8.75 | M5: 8.75 | N5: 8.75 | O5: 8.75 | P5: 8.75 | Q5: 8.75
A6: 38533 | B6: =(('Juro Nominal'!B6/100+1)/('Inflação Implícita'!B6/100+1)-1)*100 -> 11.634194 | C6: 12.06 | D6: 10.27 | E6: 9.43 | F6: 9.16 | G6: 8.96 | H6: 9.08 | I6: 9.08 | J6: 9.08 | K6: 9.08 | L6: 9.08 | M6: 9.08 | N6: 9.08 | O6: 9.08 | P6: 9.08 | Q6: 9.08
A7: 38564 | B7: =(('Juro Nominal'!B7/100+1)/('Inflação Implícita'!B7/100+1)-1)*100 -> 12.367458 | C7: 12.62 | D7: 10.38 | E7: 9.48 | F7: 9.13 | G7: 8.92 | H7: 8.97 | I7: 9.01 | J7: 9.04 | K7: 9.04 | L7: 9.04 | M7: 9.04 | N7: 9.04 | O7: 9.04 | P7: 9.04 | Q7: 9.04
A8: 38595 | B8: =(('Juro Nominal'!B8/100+1)/('Inflação Implícita'!B8/100+1)-1)*100 -> 12.950387 | C8: 15.67 | D8: 12.29 | E8: 10.91 | F8: 10.14 | G8: 9.77 | H8: 9.77 | I8: 9.77 | J8: 9.77 | K8: 9.77 | L8: 9.77 | M8: 9.77 | N8: 9.77 | O8: 9.77 | P8: 9.77 | Q8: 9.77
A9: 38625 | B9: =(('Juro Nominal'!B9/100+1)/('Inflação Implícita'!B9/100+1)-1)*100 -> 12.693323 | C9: 13.5 | D9: 11.34 | E9: 10.36 | F9: 9.98 | G9: 9.57 | H9: 9.57 | I9: 9.57 | J9: 9.57 | K9: 9.57 | L9: 9.57 | M9: 9.57 | N9: 9.57 | O9: 9.57 | P9: 9.57 | Q9: 9.57
A10: 38656 | B10: =(('Juro Nominal'!B10/100+1)/('Inflação Implícita'!B10/100+1)-1)*100 -> 11.884167 | C10: 13.25 | D10: 12.29 | E10: 11.8 | F10: 10.61 | G10: 9.91 | H10: 9.91 | I10: 9.91 | J10: 9.91 | K10: 9.91 | L10: 9.91 | M10: 9.91 | N10: 9.91 | O10: 9.91 | P10: 9.91 | Q10: 9.91
A11: 38686 | B11: =(('Juro Nominal'!B11/100+1)/('Inflação Implícita'!B11/100+1)-1)*100 -> 11.560911 | C11: 12.89 | D11: 11.97 | E11: 11.48 | F11: 10.35 | G11: 9.63 | H11: 9.63 | I11: 9.63 | J11: 9.63 | K11: 9.63 | L11: 9.63 | M11: 9.63 | N11: 9.63 | O11: 9.63 | P11: 9.63 | Q11: 9.63
A12: 38717 | B12: =(('Juro Nominal'!B12/100+1)/('Inflação Implícita'!B12/100+1)-1)*100 -> 11.64727 | C12: 12.19 | D12: 11.6 | E12: 11.2 | F12: 10.2 | G12: 9.59 | H12: 9.43 | I12: 9.39 | J12: 9.39 | K12: 9.39 | L12: 9.39 | M12: 9.39 | N12: 9.39 | O12: 9.39 | P12: 9.39 | Q12: 9.39
A13: 38748 | B13: =(('Juro Nominal'!B13/100+1)/('Inflação Implícita'!B13/100+1)-1)*100 -> 10.927152 | C13: 11.22 | D13: 10.79 | E13: 10.4 | F13: 9.8 | G13: 9.47 | H13: 9.47 | I13: 9.47 | J13: 9.47 | K13: 9.47 | L13: 9.47 | M13: 9.47 | N13: 9.47 | O13: 9.47 | P13: 9.47 | Q13: 9.47
... A204: 44561 | B204: =(('Juro Nominal'!B204/100+1)/('Inflação Implícita'!B204/100+1)-1)*100 -> -0.7359622 | C204: 5.751242 | D204: 5.376944 | E204: 5.176368 | F204: 5.104611 | G204: 5.089698 | H204: 5.107363 | I204: 5.138965 | J204: 5.176192 | K204: 5.214759 | L204: 5.247227 | M204: 5.285976 | N204: 5.313091 | O204: 5.344736 | P204: 5.369733 | Q204: 5.392459
A205: 44592

Sheet Inflação Implícita
A1: data | B1: 1 Dia | C1: 1 Ano | D1: 2 Anos | E1: 3 Anos | F1: 4 Anos | G1: 5 Anos | H1: 6 Anos | I1: 7 Anos | J1: 8 Anos | K1: 9 Anos | L1: 10 Anos | M1: 11 Anos | N1: 12 Anos | O1: 13 Anos | P1: 14 Anos | Q1: 15 Anos
A2: 38411 | B2: 7.39 | C2: 6.1577016 | D2: 5.4138984 | E2: 6.1971062 | F2: 6.2631435 | G2: 6.0875137 | H2: 5.6245435 | I2: 5.5352576 | J2: 5.463682 | K2: 5.463682 | L2: 5.463682 | M2: 5.463682 | N2: 5.463682 | O2: 5.463682 | P2: 5.463682 | Q2: 5.463682
A3: 38442 | B3: 7.54 | C3: 7.0024239 | D3: 6.8750565 | E3: 7.3166287 | F3: 7.556329 | G3: 7.3414701 | H3: 7.0733945 | I3: 6.8990826 | J3: 6.7706422 | K3: 6.7706422 | L3: 6.7706422 | M3: 6.7706422 | N3: 6.7706422 | O3: 6.7706422 | P3: 6.7706422 | Q3: 6.7706422
A4: 38472 | B4: 8.07 | C4: 6.802904 | D4: 6.5794224 | E4: 6.9288901 | F4: 7.0572082 | G4: 6.8744271 | H4: 6.7614679 | I4: 6.6146789 | J4: 6.5137615 | K4: 6.5137615 | L4: 6.5137615 | M4: 6.5137615 | N4: 6.5137615 | O4: 6.5137615 | P4: 6.5137615 | Q4: 6.5137615
A5: 38503 | B5: 8.05 | C5: 5.5229456 | D5: 5.6313993 | E5: 6.1796733 | F5: 6.5229308 | G5: 6.2517137 | H5: 6.7034483 | I5: 6.5655172 | J5: 6.4643678 | K5: 6.4643678 | L5: 6.4643678 | M5: 6.4643678 | N5: 6.4643678 | O5: 6.4643678 | P5: 6.4643678 | Q5: 6.4643678
A6: 38533 | B6: 7.27 | C6: 5.4078172 | D6: 6.2482996 | E6: 6.3876451 | F6: 6.2843532 | G6: 6.1031571 | H6: 5.9130913 | I6: 5.9039237 | J6: 5.8947561 | K6: 5.8947561 | L6: 5.8947561 | M6: 5.8947561 | N6: 5.8947561 | O6: 5.8947561 | P6: 5.8947561 | Q6: 5.8947561
A7: 38564 | B7: 6.57 | C7: 5.0701474 | D7: 6.5048016 | E7: 6.7409573 | F7: 6.7534134 | G7: 6.7113478 | H7: 6.4880242 | I7: 6.3296945 | J7: 6.2179017 | K7: 6.2179017 | L7: 6.2179017 | M7: 6.2179017 | N7: 6.2179017 | O7: 6.2179017 | P7: 6.2179017 | Q7: 6.2179017
A8: 38595 | B8: 6.02 | C8: 2.2910003 | D8: 4.8445988 | E8: 5.5901181 | F8: 6.0468495 | G8: 6.2038808 | H8: 6.0490116 | I8: 5.9305821 | J8: 5.8485925 | K8: 5.8485925 | L8: 5.8485925 | M8: 5.8485925 | N8: 5.8485925 | O8: 5.8485925 | P8: 5.8485925 | Q8: 5.8485925
A9: 38625 | B9: 6.04 | C9: 3.876652 | D9: 5.0655649 | E9: 5.3823849 | F9: 5.2282233 | G9: 5.2112805 | H9: 5.0287487 | I9: 4.9101031 | J9: 4.8188373 | K9: 4.7458246 | L9: 4.6819385 | M9: 4.6819385 | N9: 4.5906726 | O9: 4.5906726 | P9: 4.5906726 | Q9: 4.5906726
A10: 38656 | B10: 6.36 | C10: 3.8410596 | D10: 4.4171342 | E10: 4.5080501 | F10: 5.2526896 | G10: 5.7046675 | H10: 5.5863889 | I10: 5.5227004 | J10: 5.4681103 | K10: 5.4226185 | L10: 5.3953234 | M10: 5.3953234 | N10: 5.3407333 | O10: 5.3407333 | P10: 5.3407333 | Q10: 5.3407333
A11: 38686 | B11: 6.22 | C11: 3.4192577 | D11: 4.0189336 | E11: 4.3057051 | F11: 5.0747621 | G11: 5.6188999 | H11: 5.3908602 | I11: 5.1993068 | J11: 5.0442397 | K11: 4.9347806 | L11: 4.8435647 | M11: 4.8435647 | N11: 4.6976193 | O11: 4.6976193 | P11: 4.6976193 | Q11: 4.6976193
A12: 38717 | B12: 5.69 | C12: 3.7436492 | D12: 3.6917563 | E12: 3.7769784 | F12: 4.4646098 | G12: 4.8453326 | H12: 4.8524171 | I12: 4.7993418 | J12: 4.7170674 | K12: 4.6530761 | L12: 4.6073681 | M12: 4.6073681 | N12: 4.5250937 | O12: 4.5250937 | P12: 4.5250937 | Q12: 4.5250937
A13: 38748 | B13: 5.7 | C13: 4.144938 | D13: 4.0527123 | E13: 4.1032609 | F13: 4.3989071 | G13: 4.5126519 | H13: 4.4121677 | I13: 4.4121677 | J13: 4.2842788 | K13: 4.2477391 | L13: 4.2111994 | M13: 4.2111994 | N13: 4.1655248 | O13: 4.1655248 | P13: 4.1655248 | Q13: 4.1655248
... A204: 44561 | B204: 10.06 | C204: 5.71072 | D204: 5.493644 | E204: 5.263569 | F204: 5.221005 | G204: 5.258007 | H204: 5.307935 | I204: 5.349094 | J204: 5.378137 | K204: 5.396875 | L204: 5.406836 | M204: 5.413792 | N204: 5.416248 | O204: 5.417211 | P204: 5.416833 | Q204: 5.415811
A205: 44592

Sheet Metas de Inflação
A1: data | B1: 1 Dia | C1: 1 Ano | D1: 2 Anos | E1: 3 Anos | F1: 4 Anos | G1: 5 Anos | H1: 6 Anos | I1: 7 Anos | J1: 8 Anos | K1: 9 Anos | L1: 10 Anos | M1: 11 Anos | N1: 12 Anos | O1: 13 Anos | P1: 14 Anos | Q1: 15 Anos
A2: 38411 | B2: 4.5 | C2: 4.5 | D2: 4.5 | E2: 4.5 | F2: 4.5 | G2: 4.5 | H2: 4.5 | I2: 4.5 | J2: 4.5 | K2: 4.5 | L2: 4.5 | M2: 4.5 | N2: 4.5 | O2: 4.5 | P2: 4.5 | Q2: 4.5
A3: 38442 | B3: 4.5 | C3: 4.5 | D3: 4.5 | E3: 4.5 | F3: 4.5 | G3: 4.5 | H3: 4.5 | I3: 4.5 | J3: 4.5 | K3: 4.5 | L3: 4.5 | M3: 4.5 | N3: 4.5 | O3: 4.5 | P3: 4.5 | Q3: 4.5
A4: 38472 | B4: 4.5 | C4: 4.5 | D4: 4.5 | E4: 4.5 | F4: 4.5 | G4: 4.5 | H4: 4.5 | I4: 4.5 | J4: 4.5 | K4: 4.5 | L4: 4.5 | M4: 4.5 | N4: 4.5 | O4: 4.5 | P4: 4.5 | Q4: 4.5
A5: 38503 | B5: 4.5 | C5: 4.5 | D5: 4.5 | E5: 4.5 | F5: 4.5 | G5: 4.5 | H5: 4.5 | I5: 4.5 | J5: 4.5 | K5: 4.5 | L5: 4.5 | M5: 4.5 | N5: 4.5 | O5: 4.5 | P5: 4.5 | Q5: 4.5
A6: 38533 | B6: 4.5 | C6: 4.5 | D6: 4.5 | E6: 4.5 | F6: 4.5 | G6: 4.5 | H6: 4.5 | I6: 4.5 | J6: 4.5 | K6: 4.5 | L6: 4.5 | M6: 4.5 | N6: 4.5 | O6: 4.5 | P6: 4.5 | Q6: 4.5
A7: 38564 | B7: 4.5 | C7: 4.5 | D7: 4.5 | E7: 4.5 | F7: 4.5 | G7: 4.5 | H7: 4.5 | I7: 4.5 | J7: 4.5 | K7: 4.5 | L7: 4.5 | M7: 4.5 | N7: 4.5 | O7: 4.5 | P7: 4.5 | Q7: 4.5
A8: 38595 | B8: 4.5 | C8: 4.5 | D8: 4.5 | E8: 4.5 | F8: 4.5 | G8: 4.5 | H8: 4.5 | I8: 4.5 | J8: 4.5 | K8: 4.5 | L8: 4.5 | M8: 4.5 | N8: 4.5 | O8: 4.5 | P8: 4.5 | Q8: 4.5
A9: 38625 | B9: 4.5 | C9: 4.5 | D9: 4.5 | E9: 4.5 | F9: 4.5 | G9: 4.5 | H9: 4.5 | I9: 4.5 | J9: 4.5 | K9: 4.5 | L9: 4.5 | M9: 4.5 | N9: 4.5 | O9: 4.5 | P9: 4.5 | Q9: 4.5
A10: 38656 | B10: 4.5 | C10: 4.5 | D10: 4.5 | E10: 4.5 | F10: 4.5 | G10: 4.5 | H10: 4.5 | I10: 4.5 | J10: 4.5 | K10: 4.5 | L10: 4.5 | M10: 4.5 | N10: 4.5 | O10: 4.5 | P10: 4.5 | Q10: 4.5
A11: 38686 | B11: 4.5 | C11: 4.5 | D11: 4.5 | E11: 4.5 | F11: 4.5 | G11: 4.5 | H11: 4.5 | I11: 4.5 | J11: 4.5 | K11: 4.5 | L11: 4.5 | M11: 4.5 | N11: 4.5 | O11: 4.5 | P11: 4.5 | Q11: 4.5
A12: 38717 | B12: 4.5 | C12: 4.5 | D12: 4.5 | E12: 4.5 | F12: 4.5 | G12: 4.5 | H12: 4.5 | I12: 4.5 | J12: 4.5 | K12: 4.5 | L12: 4.5 | M12: 4.5 | N12: 4.5 | O12: 4.5 | P12: 4.5 | Q12: 4.5
A13: 38748 | B13: 4.5 | C13: 4.5 | D13: 4.5 | E13: 4.5 | F13: 4.5 | G13: 4.5 | H13: 4.5 | I13: 4.5 | J13: 4.5 | K13: 4.5 | L13: 4.5 | M13: 4.5 | N13: 4.5 | O13: 4.5 | P13: 4.5 | Q13: 4.5
... A205: 44592 | B205: 3.5 | C205: 3.25 | D205: 3 | E205: 3 | F205: 3 | G205: 3 | H205: 3 | I205: 3 | J205: 3 | K205: 3 | L205: 3 | M205: 3 | N205: 3 | O205: 3 | P205: 3 | Q205: 3

Sheet Hiato de Expectativas
A1: data | B1: 1 Dia | C1: 1 Ano | D1: 2 Anos | E1: 3 Anos | F1: 4 Anos | G1: 5 Anos | H1: 6 Anos | I1: 7 Anos | J1: 8 Anos | K1: 9 Anos | L1: 10 Anos | M1: 11 Anos | N1: 12 Anos | O1: 13 Anos | P1: 14 Anos | Q1: 15 Anos
A2: 38411 | B2: ='Inflação Implícita'!B2-'Metas de Inflação'!B2 -> 2.89 | C2: ='Inflação Implícita'!C2-'Metas de Inflação'!C2 -> 1.6577016 | D2: ='Inflação Implícita'!D2-'Metas de Inflação'!D2 -> 0.91389837 | E2: ='Inflação Implícita'!E2-'Metas de Inflação'!E2 -> 1.6971062 | F2: ='Inflação Implícita'!F2-'Metas de Inflação'!F2 -> 1.7631435 | G2: ='Inflação Implícita'!G2-'Metas de Inflação'!G2 -> 1.5875137 | H2: ='Inflação Implícita'!H2-'Metas de Inflação'!H2 -> 1.1245435 | I2: ='Inflação Implícita'!I2-'Metas de Inflação'!I2 -> 1.0352576 | ... Q2: ='Inflação Implícita'!Q2-'Metas de Inflação'!Q2 -> 0.96368205
A3: 38442 | B3: ='Inflação Implícita'!B3-'Metas de Inflação'!B3 -> 3.04 | C3: ='Inflação Implícita'!C3-'Metas de Inflação'!C3 -> 2.5024239 | D3: ='Inflação Implícita'!D3-'Metas de Inflação'!D3 -> 2.3750565 | E3: ='Inflação Implícita'!E3-'Metas de Inflação'!E3 -> 2.8166287 | F3: ='Inflação Implícita'!F3-'Metas de Inflação'!F3 -> 3.056329 | G3: ='Inflação Implícita'!G3-'Metas de Inflação'!G3 -> 2.8414701 | H3: ='Inflação Implícita'!H3-'Metas de Inflação'!H3 -> 2.5733945 | I3: ='Inflação Implícita'!I3-'Metas de Inflação'!I3 -> 2.3990826 | ... Q3: ='Inflação Implícita'!Q3-'Metas de Inflação'!Q3 -> 2.2706422
A4: 38472 | B4: ='Inflação Implícita'!B4-'Metas de Inflação'!B4 -> 3.57 | C4: ='Inflação Implícita'!C4-'Metas de Inflação'!C4 -> 2.302904 | D4: ='Inflação Implícita'!D4-'Metas de Inflação'!D4 -> 2.0794224 | E4: ='Inflação Implícita'!E4-'Metas de Inflação'!E4 -> 2.4288901 | F4: ='Inflação Implícita'!F4-'Metas de Inflação'!F4 -> 2.5572082 | G4: ='Inflação Implícita'!G4-'Metas de Inflação'!G4 -> 2.3744271 | H4: ='Inflação Implícita'!H4-'Metas de Inflação'!H4 -> 2.2614679 | I4: ='Inflação Implícita'!I4-'Metas de Inflação'!I4 -> 2.1146789 | ... Q4: ='Inflação Implícita'!Q4-'Metas de Inflação'!Q4 -> 2.0137615
A5: 38503 | B5: ='Inflação Implícita'!B5-'Metas de Inflação'!B5 -> 3.55 | C5: ='Inflação Implícita'!C5-'Metas de Inflação'!C5 -> 1.0229456 | D5: ='Inflação Implícita'!D5-'Metas de Inflação'!D5 -> 1.1313993 | E5: ='Inflação Implícita'!E5-'Metas de Inflação'!E5 -> 1.6796733 | F5: ='Inflação Implícita'!F5-'Metas de Inflação'!F5 -> 2.0229308 | G5: ='Inflação Implícita'!G5-'Metas de Inflação'!G5 -> 1.7517137 | H5: ='Inflação Implícita'!H5-'Metas de Inflação'!H5 -> 2.2034483 | I5: ='Inflação Implícita'!I5-'Metas de Inflação'!I5 -> 2.0655172 | ... Q5: ='Inflação Implícita'!Q5-'Metas de Inflação'!Q5 -> 1.9643678
A6: 38533 | B6: ='Inflação Implícita'!B6-'Metas de Inflação'!B6 -> 2.77 | C6: ='Inflação Implícita'!C6-'Metas de Inflação'!C6 -> 0.90781724 | D6: ='Inflação Implícita'!D6-'Metas de Inflação'!D6 -> 1.7482996 | E6: ='Inflação Implícita'!E6-'Metas de Inflação'!E6 -> 1.8876451 | F6: ='Inflação Implícita'!F6-'Metas de Inflação'!F6 -> 1.7843532 | G6: ='Inflação Implícita'!G6-'Metas de Inflação'!G6 -> 1.6031571 | H6: ='Inflação Implícita'!H6-'Metas de Inflação'!H6 -> 1.4130913 | I6: ='Inflação Implícita'!I6-'Metas de Inflação'!I6 -> 1.4039237 | ... Q6: ='Inflação Implícita'!Q6-'Metas de Inflação'!Q6 -> 1.3947561
A7: 38564 | B7: ='Inflação Implícita'!B7-'Metas de Inflação'!B7 -> 2.07 | C7: ='Inflação Implícita'!C7-'Metas de Inflação'!C7 -> 0.5701474 | D7: ='Inflação Implícita'!D7-'Metas de Inflação'!D7 -> 2.0048016 | E7: ='Inflação Implícita'!E7-'Metas de Inflação'!E7 -> 2.2409573 | F7: ='Inflação Implícita'!F7-'Metas de Inflação'!F7 -> 2.2534134 | G7: ='Inflação Implícita'!G7-'Metas de Inflação'!G7 -> 2.2113478 | H7: ='Inflação Implícita'!H7-'Metas de Inflação'!H7 -> 1.9880242 | I7: ='Inflação Implícita'!I7-'Metas de Inflação'!I7 -> 1.8296945 | ... Q7: ='Inflação Implícita'!Q7-'Metas de Inflação'!Q7 -> 1.7179017
A8: 38595 | B8: ='Inflação Implícita'!B8-'Metas de Inflação'!B8 -> 1.52 | C8: ='Inflação Implícita'!C8-'Metas de Inflação'!C8 -> -2.2089997 | D8: ='Inflação Implícita'!D8-'Metas de Inflação'!D8 -> 0.34459881 | E8: ='Inflação Implícita'!E8-'Metas de Inflação'!E8 -> 1.0901181 | F8: ='Inflação Implícita'!F8-'Metas de Inflação'!F8 -> 1.5468495 | G8: ='Inflação Implícita'!G8-'Metas de Inflação'!G8 -> 1.7038808 | H8: ='Inflação Implícita'!H8-'Metas de Inflação'!H8 -> 1.5490116 | I8: ='Inflação Implícita'!I8-'Metas de Inflação'!I8 -> 1.4305821 | ... Q8: ='Inflação Implícita'!Q8-'Metas de Inflação'!Q8 -> 1.3485925
A9: 38625 | B9: ='Inflação Implícita'!B9-'Metas de Inflação'!B9 -> 1.54 | C9: ='Inflação Implícita'!C9-'Metas de Inflação'!C9 -> -0.62334802 | D9: ='Inflação Implícita'!D9-'Metas de Inflação'!D9 -> 0.56556494 | E9: ='Inflação Implícita'!E9-'Metas de Inflação'!E9 -> 0.88238492 | F9: ='Inflação Implícita'!F9-'Metas de Inflação'!F9 -> 0.72822331 | G9: ='Inflação Implícita'!G9-'Metas de Inflação'!G9 -> 0.71128046 | H9: ='Inflação Implícita'!H9-'Metas de Inflação'!H9 -> 0.52874875 | I9: ='Inflação Implícita'!I9-'Metas de Inflação'!I9 -> 0.41010313 | ... Q9: ='Inflação Implícita'!Q9-'Metas de Inflação'!Q9 -> 0.090672629
A10: 38656 | B10: ='Inflação Implícita'!B10-'Metas de Inflação'!B10 -> 1.86 | C10: ='Inflação Implícita'!C10-'Metas de Inflação'!C10 -> -0.6589404 | D10: ='Inflação Implícita'!D10-'Metas de Inflação'!D10 -> -0.082865794 | E10: ='Inflação Implícita'!E10-'Metas de Inflação'!E10 -> 0.0080500894 | F10: ='Inflação Implícita'!F10-'Metas de Inflação'!F10 -> 0.75268963 | G10: ='Inflação Implícita'!G10-'Metas de Inflação'!G10 -> 1.2046675 | H10: ='Inflação Implícita'!H10-'Metas de Inflação'!H10 -> 1.0863889 | I10: ='Inflação Implícita'!I10-'Metas de Inflação'!I10 -> 1.0227004 | ... Q10: ='Inflação Implícita'!Q10-'Metas de Inflação'!Q10 -> 0.84073333
A11: 38686 | B11: ='Inflação Implícita'!B11-'Metas de Inflação'!B11 -> 1.72 | C11: ='Inflação Implícita'!C11-'Metas de Inflação'!C11 -> -1.0807423 | D11: ='Inflação Implícita'!D11-'Metas de Inflação'!D11 -> -0.48106636 | E11: ='Inflação Implícita'!E11-'Metas de Inflação'!E11 -> -0.19429494 | F11: ='Inflação Implícita'!F11-'Metas de Inflação'!F11 -> 0.57476212 | G11: ='Inflação Implícita'!G11-'Metas de Inflação'!G11 -> 1.1188999 | H11: ='Inflação Implícita'!H11-'Metas de Inflação'!H11 -> 0.89086017 | I11: ='Inflação Implícita'!I11-'Metas de Inflação'!I11 -> 0.69930676 | ... Q11: ='Inflação Implícita'!Q11-'Metas de Inflação'!Q11 -> 0.19761926
A12: 38717 | B12: ='Inflação Implícita'!B12-'Metas de Inflação'!B12 -> 1.19 | C12: ='Inflação Implícita'!C12-'Metas de Inflação'!C12 -> -0.75635083 | D12: ='Inflação Implícita'!D12-'Metas de Inflação'!D12 -> -0.80824373 | E12: ='Inflação Implícita'!E12-'Metas de Inflação'!E12 -> -0.72302158 | F12: ='Inflação Implícita'!F12-'Metas de Inflação'!F12 -> -0.0353902 | G12: ='Inflação Implícita'!G12-'Metas de Inflação'!G12 -> 0.3453326 | H12: ='Inflação Implícita'!H12-'Metas de Inflação'!H12 -> 0.35241707 | I12: ='Inflação Implícita'!I12-'Metas de Inflação'!I12 -> 0.2993418 | ... Q12: ='Inflação Implícita'!Q12-'Metas de Inflação'!Q12 -> 0.025093701
A13: 38748 | B13: ='Inflação Implícita'!B13-'Metas de Inflação'!B13 -> 1.2 | C13: ='Inflação Implícita'!C13-'Metas de Inflação'!C13 -> -0.35506204 | D13: ='Inflação Implícita'!D13-'Metas de Inflação'!D13 -> -0.44728766 | E13: ='Inflação Implícita'!E13-'Metas de Inflação'!E13 -> -0.39673913 | F13: ='Inflação Implícita'!F13-'Metas de Inflação'!F13 -> -0.1010929 | G13: ='Inflação Implícita'!G13-'Metas de Inflação'!G13 -> 0.012651868 | H13: ='Inflação Implícita'!H13-'Metas de Inflação'!H13 -> -0.087832283 | I13: ='Inflação Implícita'!I13-'Metas de Inflação'!I13 -> -0.087832283 | ... Q13: ='Inflação Implícita'!Q13-'Metas de Inflação'!Q13 -> -0.3344752
... A205: 44592 | B205: ='Inflação Implícita'!B205-'Metas de Inflação'!B205 -> -3.5 | C205: ='Inflação Implícita'!C205-'Metas de Inflação'!C205 -> -3.25 | D205: ='Inflação Implícita'!D205-'Metas de Inflação'!D205 -> -3 | E205: ='Inflação Implícita'!E205-'Metas de Inflação'!E205 -> -3 | F205: ='Inflação Implícita'!F205-'Metas de Inflação'!F205 -> -3 | G205: ='Inflação Implícita'!G205-'Metas de Inflação'!G205 -> -3 | H205: ='Inflação Implícita'!H205-'Metas de Inflação'!H205 -> -3 | I205: ='Inflação Implícita'!I205-'Metas de Inflação'!I205 -> -3 | ... Q205: ='Inflação Implícita'!Q205-'Metas de Inflação'!Q205 -> -3

Sheet Indicador de Juro Nominal
A1: data | B1: Nível | C1: Inclinação | D1: Curvatura
A2: 38411 | B2: ='Juro Nominal'!C2 -> 18.61 | C2: ='Juro Nominal'!Q2-'Juro Nominal'!C2 -> -3.18 | D2: =-'Juro Nominal'!C2+(2*'Juro Nominal'!G2)-'Juro Nominal'!Q2 -> -2.26
A3: 38442 | B3: ='Juro Nominal'!C3 -> 19.19 | C3: ='Juro Nominal'!Q3-'Juro Nominal'!C3 -> -2.81 | D3: =-'Juro Nominal'!C3+(2*'Juro Nominal'!G3)-'Juro Nominal'!Q3 -> -1.63
A4: 38472 | B4: ='Juro Nominal'!C4 -> 19.16 | C4: ='Juro Nominal'!Q4-'Juro Nominal'!C4 -> -3.06 | D4: =-'Juro Nominal'!C4+(2*'Juro Nominal'!G4)-'Juro Nominal'!Q4 -> -2.06
A5: 38503 | B5: ='Juro Nominal'!C5 -> 18.65 | C5: ='Juro Nominal'!Q5-'Juro Nominal'!C5 -> -2.87 | D5: =-'Juro Nominal'!C5+(2*'Juro Nominal'!G5)-'Juro Nominal'!Q5 -> -1.93
A6: 38533 | B6: ='Juro Nominal'!C6 -> 18.12 | C6: ='Juro Nominal'!Q6-'Juro Nominal'!C6 -> -2.61 | D6: =-'Juro Nominal'!C6+(2*'Juro Nominal'!G6)-'Juro Nominal'!Q6 -> -2.41
A7: 38564 | B7: ='Juro Nominal'!C7 -> 18.33 | C7: ='Juro Nominal'!Q7-'Juro Nominal'!C7 -> -2.51 | D7: =-'Juro Nominal'!C7+(2*'Juro Nominal'!G7)-'Juro Nominal'!Q7 -> -1.69
A8: 38595 | B8: ='Juro Nominal'!C8 -> 18.32 | C8: ='Juro Nominal'!Q8-'Juro Nominal'!C8 -> -2.13 | D8: =-'Juro Nominal'!C8+(2*'Juro Nominal'!G8)-'Juro Nominal'!Q8 -> -1.35
A9: 38625 | B9: ='Juro Nominal'!C9 -> 17.9 | C9: ='Juro Nominal'!Q9-'Juro Nominal'!C9 -> -3.3 | D9: =-'Juro Nominal'!C9+(2*'Juro Nominal'!G9)-'Juro Nominal'!Q9 -> -1.94
A10: 38656 | B10: ='Juro Nominal'!C10 -> 17.6 | C10: ='Juro Nominal'!Q10-'Juro Nominal'!C10 -> -1.82 | D10: =-'Juro Nominal'!C10+(2*'Juro Nominal'!G10)-'Juro Nominal'!Q10 -> -1.02
A11: 38686 | B11: ='Juro Nominal'!C11 -> 16.75 | C11: ='Juro Nominal'!Q11-'Juro Nominal'!C11 -> -1.97 | D11: =-'Juro Nominal'!C11+(2*'Juro Nominal'!G11)-'Juro Nominal'!Q11 -> 0.05
A12: 38717 | B12: ='Juro Nominal'!C12 -> 16.39 | C12: ='Juro Nominal'!Q12-'Juro Nominal'!C12 -> -2.05 | D12: =-'Juro Nominal'!C12+(2*'Juro Nominal'!G12)-'Juro Nominal'!Q12 -> -0.93
A13: 38748 | B13: ='Juro Nominal'!C13 -> 15.83 | C13: ='Juro Nominal'!Q13-'Juro Nominal'!C13 -> -1.8 | D13: =-'Juro Nominal'!C13+(2*'Juro Nominal'!G13)-'Juro Nominal'!Q13 -> -1.04
... A204: 44561 | B204: ='Juro Nominal'!C204 -> 11.7904 | C204: ='Juro Nominal'!Q204-'Juro Nominal'!C204 -> -0.690084 | D204: =-'Juro Nominal'!C204+(2*'Juro Nominal'!G204)-'Juro Nominal'!Q204 -> -1.660072
A205: 44592

Sheet Indicador de Juro Real
A1: data | B1: Nível | C1: Inclinação | D1: Curvatura
A2: 38411 | B2: ='Juro Real'!C2 -> 11.73 | C2: ='Juro Real'!Q2-'Juro Real'!C2 -> -2.28 | D2: =-'Juro Real'!C2+(2*'Juro Real'!G2)-'Juro Real'!Q2 -> -2.7
A3: 38442 | B3: ='Juro Real'!C3 -> 11.39 | C3: ='Juro Real'!Q3-'Juro Real'!C3 -> -2.39 | D3: =-'Juro Real'!C3+(2*'Juro Real'!G3)-'Juro Real'!Q3 -> -2.45
A4: 38472 | B4: ='Juro Real'!C4 -> 11.57 | C4: ='Juro Real'!Q4-'Juro Real'!C4 -> -2.57 | D4: =-'Juro Real'!C4+(2*'Juro Real'!G4)-'Juro Real'!Q4 -> -2.37
A5: 38503 | B5: ='Juro Real'!C5 -> 12.44 | C5: ='Juro Real'!Q5-'Juro Real'!C5 -> -3.69 | D5: =-'Juro Real'!C5+(2*'Juro Real'!G5)-'Juro Real'!Q5 -> -2.37
A6: 38533 | B6: ='Juro Real'!C6 -> 12.06 | C6: ='Juro Real'!Q6-'Juro Real'!C6 -> -2.98 | D6: =-'Juro Real'!C6+(2*'Juro Real'!G6)-'Juro Real'!Q6 -> -3.22
A7: 38564 | B7: ='Juro Real'!C7 -> 12.62 | C7: ='Juro Real'!Q7-'Juro Real'!C7 -> -3.58 | D7: =-'Juro Real'!C7+(2*'Juro Real'!G7)-'Juro Real'!Q7 -> -3.82
A8: 38595 | B8: ='Juro Real'!C8 -> 15.67 | C8: ='Juro Real'!Q8-'Juro Real'!C8 -> -5.9 | D8: =-'Juro Real'!C8+(2*'Juro Real'!G8)-'Juro Real'!Q8 -> -5.9
A9: 38625 | B9: ='Juro Real'!C9 -> 13.5 | C9: ='Juro Real'!Q9-'Juro Real'!C9 -> -3.93 | D9: =-'Juro Real'!C9+(2*'Juro Real'!G9)-'Juro Real'!Q9 -> -3.93
A10: 38656 | B10: ='Juro Real'!C10 -> 13.25 | C10: ='Juro Real'!Q10-'Juro Real'!C10 -> -3.34 | D10: =-'Juro Real'!C10+(2*'Juro Real'!G10)-'Juro Real'!Q10 -> -3.34
A11: 38686 | B11: ='Juro Real'!C11 -> 12.89 | C11: ='Juro Real'!Q11-'Juro Real'!C11 -> -3.26 | D11: =-'Juro Real'!C11+(2*'Juro Real'!G11)-'Juro Real'!Q11 -> -3.26
A12: 38717 | B12: ='Juro Real'!C12 -> 12.19 | C12: ='Juro Real'!Q12-'Juro Real'!C12 -> -2.8 | D12: =-'Juro Real'!C12+(2*'Juro Real'!G12)-'Juro Real'!Q12 -> -2.4
A13: 38748 | B13: ='Juro Real'!C13 -> 11.22 | C13: ='Juro Real'!Q13-'Juro Real'!C13 -> -1.75 | D13: =-'Juro Real'!C13+(2*'Juro Real'!G13)-'Juro Real'!Q13 -> -1.75
... A204: 44561 | B204: ='Juro Real'!C204 -> 5.751242 | C204: ='Juro Real'!Q204-'Juro Real'!C204 -> -0.358783 | D204: =-'Juro Real'!C204+(2*'Juro Real'!G204)-'Juro Real'!Q204 -> -0.964305
A205: 44592

Sheet Indicador de Inflação Implícita
A1: data | B1: Nível | C1: Inclinação | D1: Curvatura
A2: 38411 | B2: ='Inflação Implícita'!C2 -> 6.1577016 | C2: ='Inflação Implícita'!Q2-'Inflação Implícita'!C2 -> -0.69401956 | D2: =-'Inflação Implícita'!C2+(2*'Inflação Implícita'!G2)-'Inflação Implícita'!Q2 -> 0.55364381
A3: 38442 | B3: ='Inflação Implícita'!C3 -> 7.0024239 | C3: ='Inflação Implícita'!Q3-'Inflação Implícita'!C3 -> -0.23178171 | D3: =-'Inflação Implícita'!C3+(2*'Inflação Implícita'!G3)-'Inflação Implícita'!Q3 -> 0.90987414
A4: 38472 | B4: ='Inflação Implícita'!C4 -> 6.802904 | C4: ='Inflação Implícita'!Q4-'Inflação Implícita'!C4 -> -0.28914254 | D4: =-'Inflação Implícita'!C4+(2*'Inflação Implícita'!G4)-'Inflação Implícita'!Q4 -> 0.43218879
A5: 38503 | B5: ='Inflação Implícita'!C5 -> 5.5229456 | C5: ='Inflação Implícita'!Q5-'Inflação Implícita'!C5 -> 0.94142225 | D5: =-'Inflação Implícita'!C5+(2*'Inflação Implícita'!G5)-'Inflação Implícita'!Q5 -> 0.51611409
A6: 38533 | B6: ='Inflação Implícita'!C6 -> 5.4078172 | C6: ='Inflação Implícita'!Q6-'Inflação Implícita'!C6 -> 0.4869389 | D6: =-'Inflação Implícita'!C6+(2*'Inflação Implícita'!G6)-'Inflação Implícita'!Q6 -> 0.90374086
A7: 38564 | B7: ='Inflação Implícita'!C7 -> 5.0701474 | C7: ='Inflação Implícita'!Q7-'Inflação Implícita'!C7 -> 1.1477543 | D7: =-'Inflação Implícita'!C7+(2*'Inflação Implícita'!G7)-'Inflação Implícita'!Q7 -> 2.1346465
A8: 38595 | B8: ='Inflação Implícita'!C8 -> 2.2910003 | C8: ='Inflação Implícita'!Q8-'Inflação Implícita'!C8 -> 3.5575923 | D8: =-'Inflação Implícita'!C8+(2*'Inflação Implícita'!G8)-'Inflação Implícita'!Q8 -> 4.2681689
A9: 38625 | B9: ='Inflação Implícita'!C9 -> 3.876652 | C9: ='Inflação Implícita'!Q9-'Inflação Implícita'!C9 -> 0.71402065 | D9: =-'Inflação Implícita'!C9+(2*'Inflação Implícita'!G9)-'Inflação Implícita'!Q9 -> 1.9552363
A10: 38656 | B10: ='Inflação Implícita'!C10 -> 3.8410596 | C10: ='Inflação Implícita'!Q10-'Inflação Implícita'!C10 -> 1.4996737 | D10: =-'Inflação Implícita'!C10+(2*'Inflação Implícita'!G10)-'Inflação Implícita'!Q10 -> 2.227542
A11: 38686 | B11: ='Inflação Implícita'!C11 -> 3.4192577 | C11: ='Inflação Implícita'!Q11-'Inflação Implícita'!C11 -> 1.2783616 | D11: =-'Inflação Implícita'!C11+(2*'Inflação Implícita'!G11)-'Inflação Implícita'!Q11 -> 3.1209229
A12: 38717 | B12: ='Inflação Implícita'!C12 -> 3.7436492 | C12: ='Inflação Implícita'!Q12-'Inflação Implícita'!C12 -> 0.78144453 | D12: =-'Inflação Implícita'!C12+(2*'Inflação Implícita'!G12)-'Inflação Implícita'!Q12 -> 1.4219223
A13: 38748 | B13: ='Inflação Implícita'!C13 -> 4.144938 | C13: ='Inflação Implícita'!Q13-'Inflação Implícita'!C13 -> 0.020586841 | D13: =-'Inflação Implícita'!C13+(2*'Inflação Implícita'!G13)-'Inflação Implícita'!Q13 -> 0.71484097
... A204: 44561 | B204: ='Inflação Implícita'!C204 -> 5.71072 | C204: ='Inflação Implícita'!Q204-'Inflação Implícita'!C204 -> -0.294909 | D204: =-'Inflação Implícita'!C204+(2*'Inflação Implícita'!G204)-'Inflação Implícita'!Q204 -> -0.610517
A205: 44592
